,SMILES,MaxAbsEStateIndex,MaxEStateIndex,MinAbsEStateIndex,MinEStateIndex,qed,SPS,MolWt,HeavyAtomMolWt,ExactMolWt,NumValenceElectrons,NumRadicalElectrons,MaxPartialCharge,MinPartialCharge,MaxAbsPartialCharge,MinAbsPartialCharge,FpDensityMorgan1,FpDensityMorgan2,FpDensityMorgan3,BCUT2D_MWHI,BCUT2D_MWLOW,BCUT2D_CHGHI,BCUT2D_CHGLO,BCUT2D_LOGPHI,BCUT2D_LOGPLOW,BCUT2D_MRHI,BCUT2D_MRLOW,AvgIpc,BalabanJ,BertzCT,Chi0,Chi0n,Chi0v,Chi1,Chi1n,Chi1v,Chi2n,Chi2v,Chi3n,Chi3v,Chi4n,Chi4v,HallKierAlpha,Ipc,Kappa1,Kappa2,Kappa3,LabuteASA,PEOE_VSA1,PEOE_VSA10,PEOE_VSA11,PEOE_VSA12,PEOE_VSA13,PEOE_VSA14,PEOE_VSA2,PEOE_VSA3,PEOE_VSA4,PEOE_VSA5,PEOE_VSA6,PEOE_VSA7,PEOE_VSA8,PEOE_VSA9,SMR_VSA1,SMR_VSA10,SMR_VSA2,SMR_VSA3,SMR_VSA4,SMR_VSA5,SMR_VSA6,SMR_VSA7,SMR_VSA8,SMR_VSA9,SlogP_VSA1,SlogP_VSA10,SlogP_VSA11,SlogP_VSA12,SlogP_VSA2,SlogP_VSA3,SlogP_VSA4,SlogP_VSA5,SlogP_VSA6,SlogP_VSA7,SlogP_VSA8,SlogP_VSA9,TPSA,EState_VSA1,EState_VSA10,EState_VSA11,EState_VSA2,EState_VSA3,EState_VSA4,EState_VSA5,EState_VSA6,EState_VSA7,EState_VSA8,EState_VSA9,VSA_EState1,VSA_EState10,VSA_EState2,VSA_EState3,VSA_EState4,VSA_EState5,VSA_EState6,VSA_EState7,VSA_EState8,VSA_EState9,FractionCSP3,HeavyAtomCount,NHOHCount,NOCount,NumAliphaticCarbocycles,NumAliphaticHeterocycles,NumAliphaticRings,NumAmideBonds,NumAromaticCarbocycles,NumAromaticHeterocycles,NumAromaticRings,NumAtomStereoCenters,NumBridgeheadAtoms,NumHAcceptors,NumHDonors,NumHeteroatoms,NumHeterocycles,NumRotatableBonds,NumSaturatedCarbocycles,NumSaturatedHeterocycles,NumSaturatedRings,NumSpiroAtoms,NumUnspecifiedAtomStereoCenters,Phi,RingCount,MolLogP,MolMR,fr_Al_COO,fr_Al_OH,fr_Al_OH_noTert,fr_ArN,fr_Ar_COO,fr_Ar_N,fr_Ar_NH,fr_Ar_OH,fr_COO,fr_COO2,fr_C_O,fr_C_O_noCOO,fr_C_S,fr_HOCCN,fr_Imine,fr_NH0,fr_NH1,fr_NH2,fr_N_O,fr_Ndealkylation1,fr_Ndealkylation2,fr_Nhpyrrole,fr_SH,fr_aldehyde,fr_alkyl_carbamate,fr_alkyl_halide,fr_allylic_oxid,fr_amide,fr_amidine,fr_aniline,fr_aryl_methyl,fr_azide,fr_azo,fr_barbitur,fr_benzene,fr_benzodiazepine,fr_bicyclic,fr_diazo,fr_dihydropyridine,fr_epoxide,fr_ester,fr_ether,fr_furan,fr_guanido,fr_halogen,fr_hdrzine,fr_hdrzone,fr_imidazole,fr_imide,fr_isocyan,fr_isothiocyan,fr_ketone,fr_ketone_Topliss,fr_lactam,fr_lactone,fr_methoxy,fr_morpholine,fr_nitrile,fr_nitro,fr_nitro_arom,fr_nitro_arom_nonortho,fr_nitroso,fr_oxazole,fr_oxime,fr_para_hydroxylation,fr_phenol,fr_phenol_noOrthoHbond,fr_phos_acid,fr_phos_ester,fr_piperdine,fr_piperzine,fr_priamide,fr_prisulfonamd,fr_pyridine,fr_quatN,fr_sulfide,fr_sulfonamd,fr_sulfone,fr_term_acetylene,fr_tetrazole,fr_thiazole,fr_thiocyan,fr_thiophene,fr_unbrch_alkane,fr_urea
0,C[N]1N=NC(=N1)N=NC2=CC=CC=C2,3.9364814814814815,3.9364814814814815,0.2605120937263794,0.2605120937263794,0.6722753636756288,10.928571428571429,188.19400000000005,180.13,188.08104425599998,70,0,0.3072917429544847,-0.16531513108137605,0.3072917429544847,0.16531513108137605,1.1428571428571428,1.9285714285714286,2.5714285714285716,15.589335287513922,10.322593782757393,1.9497946832044804,-1.8626411275677865,2.1229917425553313,-1.905437374669756,5.3480881647877005,0.6297542511597166,2.629807099904142,2.15059080238607,432.1019709961357,9.803118619434356,7.570032918947878,7.570032918947878,6.84333659290053,4.052324389022834,4.052324389022834,2.614434597136771,2.614434597136771,1.5088772495198421,1.5088772495198421,0.9112812360557357,0.9112812360557357,-2.1099999999999994,2787.5955258983904,8.486561824978438,3.7338869416252067,1.9757420690620942,80.28365384011003,0.0,0.0,0.0,0.0,0.0,5.948339280986494,0.0,0.0,4.796506222499014,15.327182059559831,23.297783013685866,17.346119232578086,0.0,12.735058257360752,0.0,11.635725555670057,0.0,20.20725493475596,17.276172233935984,0.0,0.0,30.33183534230805,0.0,0.0,0.0,11.635725555670057,0.0,0.0,20.20725493475596,7.04767198267719,0.0,0.0,40.56033559356685,0.0,0.0,0.0,68.32,0.0,0.0,0.0,5.948339280986494,0.0,5.687386274683562,4.796506222499014,7.04767198267719,30.33183534230805,25.639248963515737,0.0,0.0,0.0,1.332685185185185,18.915998362307885,0.763845427059713,0.2605120937263794,9.3851562106324,0.0,0.0,1.6751360544217686,0.125,14,0,6,0,0,0,0,1,1,2,0,0,5,0,6,1,2,0,0,0,0,0,2.263418741255855,2,1.6254999999999997,49.416000000000025,0,0,0,0,0,4,0,0,0,0,0,0,0,0,0,6,0,0,0,0,0,0,0,0,0,0,0,0,0,0,1,0,1,0,1,0,0,0,0,0,0,0,0,0,0,0,0,0,0,0,0,0,0,0,0,0,0,0,0,0,0,0,0,0,0,0,0,0,0,0,0,0,0,0,0,0,0,0,0,1,0,0,0,0,0
1,C[N]1C=NC(=N1)N=NC2=CC=CC=C2,3.9764814814814815,3.9764814814814815,0.37162320483749056,0.37162320483749056,0.6766896837137845,10.928571428571429,187.20600000000005,178.134,187.08579528799999,70,0,0.2868685232000128,-0.2537454278848142,0.2868685232000128,0.2537454278848142,1.1428571428571428,1.9285714285714286,2.5714285714285716,15.374179523345223,10.322588847704727,1.9334796073316722,-1.8682454894504004,2.1269314061642324,-1.8411909646759843,5.348698375191148,0.764368300229696,2.629807099904142,2.15059080238607,431.47278051304505,9.803118619434356,7.700169592637546,7.700169592637546,6.84333659290053,4.1687221685171565,4.1687221685171565,2.75378760123338,2.75378760123338,1.5985990316830754,1.5985990316830754,0.9708540152224314,0.9708540152224314,-2.0399999999999996,2787.5955258983904,8.55346898338668,3.7798758454966186,2.0070319396307648,81.12709872235408,0.0,6.3273200747645415,0.0,0.0,5.948339280986494,0.0,4.681802935145185,0.0,4.9839785209472085,15.327182059559831,18.19910120538483,12.13273413692322,7.04767198267719,5.687386274683562,0.0,11.635725555670057,0.0,14.76446326439343,17.276172233935984,0.0,0.0,36.65915541707259,0.0,0.0,0.0,11.635725555670057,0.0,0.0,14.76446326439343,7.04767198267719,0.0,0.0,46.887655668331384,0.0,0.0,0.0,55.43,0.0,0.0,0.0,0.0,5.948339280986494,5.687386274683562,0.0,18.056794992586916,30.33183534230805,20.31116058050704,0.0,1.582685185185185,0.0,3.9222746598639455,11.826626511715798,0.7916232048374907,0.37162320483749056,9.46956821617536,1.582685185185185,0.0,1.7862471655328798,0.1111111111111111,14,0,5,0,0,0,0,1,1,2,0,0,4,0,5,1,2,0,0,0,0,0,2.309360771821988,2,2.2305,51.62100000000003,0,0,0,0,0,3,0,0,0,0,0,0,0,0,0,5,0,0,0,0,0,0,0,0,0,0,0,0,0,0,1,0,1,0,1,0,0,0,0,0,0,0,0,0,0,0,0,0,0,0,0,0,0,0,0,0,0,0,0,0,0,0,0,0,0,0,0,0,0,0,0,0,0,0,0,0,0,0,0,0,0,0,0,0,0
2,C[N]1C=CC(=N1)N=NC2=CC=CC=C2,4.081996882086168,4.081996882086168,0.6216232048374906,0.6216232048374906,0.6647335628342163,10.928571428571429,186.21800000000005,176.13799999999998,186.09054632,70,0,0.19520292488885474,-0.2735752404321145,0.2735752404321145,0.19520292488885474,1.0714285714285714,1.8571428571428572,2.5,15.305112820321304,10.322301915780512,1.9166641847738082,-1.8774012298974787,2.1434606347345873,-1.8404969199345622,5.356375443550635,0.7661798437977106,2.629807099904142,2.15059080238607,430.39246505158906,9.803118619434356,7.830306266327214,7.830306266327214,6.84333659290053,4.308924948948162,4.308924948948162,2.883154857435688,2.883154857435688,1.7236561167933957,1.7236561167933957,1.0597691991172327,1.0597691991172327,-1.9699999999999993,2787.5955258983904,8.620407990533684,3.8260274587107355,2.0385179270535043,81.90745074140756,0.0,0.0,5.817862777835028,0.0,0.0,0.0,4.681802935145185,0.0,5.098681808301038,10.228500251258795,18.19910120538483,12.13273413692322,19.310882622751876,5.687386274683562,0.0,11.50524905251859,0.0,9.780484743446223,17.276172233935984,0.0,0.0,42.595045982382736,0.0,0.0,0.0,11.50524905251859,0.0,0.0,9.780484743446223,7.04767198267719,0.0,0.0,52.82354623364153,0.0,0.0,0.0,42.54,0.0,0.0,0.0,0.0,5.817862777835028,5.687386274683562,0.0,4.681802935145185,49.64271796505992,15.327182059559831,0.0,1.6937962962962962,0.0,0.0,12.11134873393802,0.8316232048374907,0.6216232048374906,11.393509542705972,1.832685185185185,0.0,1.8487471655328798,0.1,14,0,4,0,0,0,0,1,1,2,0,0,3,0,4,1,2,0,0,0,0,0,2.3558512626479504,2,2.8355000000000006,53.82600000000003,0,0,0,0,0,2,0,0,0,0,0,0,0,0,0,4,0,0,0,0,0,0,0,0,0,0,0,0,0,0,1,0,1,0,1,0,0,0,0,0,0,0,0,0,0,0,0,0,0,0,0,0,0,0,0,0,0,0,0,0,0,0,0,0,0,0,0,0,0,0,0,0,0,0,0,0,0,0,0,0,0,0,0,0,0
3,C[N]1C=C(C)C(=N1)N=NC2=CC=CC=C2,4.181533919123204,4.181533919123204,0.667919501133787,0.667919501133787,0.686453658688664,11.066666666666666,200.24500000000003,188.14899999999997,200.106196384,76,0,0.19809576984197116,-0.2732969645444349,0.2732969645444349,0.19809576984197116,1.1333333333333333,1.8666666666666667,2.466666666666667,15.309446604195744,10.320596325008545,1.9978511604561897,-1.8903794857795526,2.1835535782104847,-1.8413354087269922,5.38299686186984,0.7658270315498011,2.559371041687463,2.2215930981414393,470.5880732176564,10.673362107437434,8.752955997137589,8.752955997137589,7.2540201954234895,4.725591615614829,4.725591615614829,3.344937047037653,3.344937047037653,2.002031281765312,2.002031281765312,1.2937545146011649,1.2937545146011649,-1.9699999999999993,3859.531530864694,9.5798857198885,4.041467359803878,2.2818107269699954,88.27239285580417,0.0,0.0,5.817862777835028,0.0,0.0,0.0,4.681802935145185,0.0,5.098681808301038,10.228500251258795,18.19910120538483,19.056471336613843,18.80796704598726,5.687386274683562,0.0,11.50524905251859,0.0,9.780484743446223,17.276172233935984,6.923737199690624,0.0,42.09213040561812,0.0,0.0,0.0,11.50524905251859,0.0,0.0,9.780484743446223,7.04767198267719,6.923737199690624,5.563451491696996,46.75717916517992,0.0,0.0,0.0,42.54,0.0,0.0,0.0,0.0,5.817862777835028,11.250837766380558,0.0,4.681802935145185,50.50008809628894,15.327182059559831,0.0,1.7308333333333334,0.0,0.0,12.371256141345427,1.8608649848828422,0.667919501133787,9.618897392290249,1.9160185185185186,1.9646296296296295,1.8695804988662132,0.18181818181818182,15,0,4,0,0,0,0,1,1,2,0,0,3,0,4,1,2,0,0,0,0,0,2.5811196965053766,2,3.1439200000000014,58.56300000000004,0,0,0,0,0,2,0,0,0,0,0,0,0,0,0,4,0,0,0,0,0,0,0,0,0,0,0,0,0,0,2,0,1,0,1,0,0,0,0,0,0,0,0,0,0,0,0,0,0,0,0,0,0,0,0,0,0,0,0,0,0,0,0,0,0,0,0,0,0,0,0,0,0,0,0,0,0,0,0,0,0,0,0,0,0
4,C[N]1C=C(C=N1)N=NC2=CC=CC=C2,4.061481481481481,4.061481481481481,0.7605120937263796,0.7605120937263796,0.6647335628342163,10.928571428571429,186.21800000000005,176.13799999999998,186.09054632,70,0,0.12354337601245012,-0.2735051716293061,0.2735051716293061,0.12354337601245012,1.0714285714285714,1.7857142857142858,2.4285714285714284,15.26131568647298,10.321995161951639,1.9131144165727416,-1.8756075395811496,2.154925085002134,-1.8306342963630968,5.367234228312455,0.7675144533210931,2.629807099904142,2.1505908023860694,430.3924650515891,9.803118619434356,7.830306266327214,7.830306266327214,6.84333659290053,4.298858842206824,4.298858842206824,2.9077526025207883,2.9077526025207883,1.7283811794118187,1.7283811794118187,1.0700827004281646,1.0700827004281646,-1.9699999999999993,2787.5955258983904,8.620407990533684,3.8260274587107355,2.0385179270535043,81.90745074140756,0.0,5.687386274683562,0.0,0.0,0.0,0.0,4.681802935145185,0.0,10.212931933930435,5.114250125629398,18.19910120538483,12.13273413692322,7.04767198267719,18.081073417909714,0.0,11.374772549367124,0.0,9.780484743446223,17.276172233935984,0.0,0.0,42.7255224855342,0.0,0.0,0.0,11.374772549367124,0.0,0.0,9.780484743446223,7.04767198267719,0.0,0.0,52.95402273679299,0.0,0.0,0.0,42.54,0.0,0.0,0.0,0.0,0.0,11.374772549367124,0.0,10.878646506758262,43.57635089659831,15.327182059559831,0.0,1.6937962962962962,0.0,0.0,12.092282375913328,1.6043575207860925,0.0,9.609149974804737,3.485,0.0,1.8487471655328798,0.1,14,0,4,0,0,0,0,1,1,2,0,0,3,0,4,1,2,0,0,0,0,0,2.3558512626479504,2,2.8355000000000006,53.82600000000003,0,0,0,0,0,2,0,0,0,0,0,0,0,0,0,4,0,0,0,0,0,0,0,0,0,0,0,0,0,0,1,0,1,0,1,0,0,0,0,0,0,0,0,0,0,0,0,0,0,0,0,0,0,0,0,0,0,0,0,0,0,0,0,0,0,0,0,0,0,0,0,0,0,0,0,0,0,0,0,0,0,0,0,0,0
5,C[N]1N=C(C)C(=C1C)N=NC2=CC=CC=C2,4.285800894431847,4.285800894431847,0.8519935752078611,0.8519935752078611,0.7057811799701049,11.1875,214.27200000000002,200.15999999999997,214.12184644799999,82,0,0.1293731347585486,-0.2703584008210472,0.2703584008210472,0.1293731347585486,1.0625,1.75,2.3125,15.288018814598397,10.305627736180874,2.0711058297431224,-1.933552206656275,2.2404275870282935,-1.913269716852729,5.462516499417506,0.7310118601094652,2.5261907348567605,2.308082876820747,511.3150723161505,11.543605595440512,9.675605727947962,9.675605727947962,7.6815405503520555,5.152324389022834,5.152324389022834,3.6785831476866826,3.6785831476866826,2.492484047269821,2.492484047269821,1.5095436152682287,1.5095436152682287,-1.9699999999999993,5709.191060776278,10.544561916309322,4.263802943013955,2.003201149871295,94.63733497020078,0.0,5.687386274683562,0.0,0.0,0.0,0.0,4.681802935145185,0.0,10.212931933930435,5.114250125629398,18.19910120538483,25.980208536304467,7.04767198267719,17.075242264380485,0.0,11.374772549367124,0.0,9.780484743446223,17.276172233935984,13.847474399381248,0.0,41.71969133200497,0.0,0.0,0.0,11.374772549367124,0.0,0.0,9.780484743446223,7.04767198267719,13.847474399381248,11.387855989696922,40.56033559356685,0.0,0.0,0.0,42.54,0.0,0.0,0.0,0.0,0.0,22.762628539064046,0.0,0.0,55.908784659511674,15.327182059559831,0.0,1.8141666666666667,0.0,0.0,12.707004598135551,3.6327484882842027,0.0,9.683814562862182,0.0,3.922314814814815,1.9066175359032502,0.25,16,0,4,0,0,0,0,1,1,2,0,0,3,0,4,1,2,0,0,0,0,0,2.809995883222035,2,3.452340000000002,63.30000000000004,0,0,0,0,0,2,0,0,0,0,0,0,0,0,0,4,0,0,0,0,0,0,0,0,0,0,0,0,0,0,2,0,1,0,1,0,0,0,0,0,0,0,0,0,0,0,0,0,0,0,0,0,0,0,0,0,0,0,0,0,0,0,0,0,0,0,0,0,0,0,0,0,0,0,0,0,0,0,0,0,0,0,0,0,0
6,C[N]1N=CC=C1N=NC2=CC=CC=C2,4.073703703703703,4.073703703703703,0.7443083900226759,0.7443083900226759,0.6647335628342163,10.928571428571429,186.21800000000005,176.13799999999998,186.09054632,70,0,0.1722376844826545,-0.24948407938775685,0.24948407938775685,0.1722376844826545,1.0714285714285714,1.8571428571428572,2.5,15.322346434161826,10.322256822899071,1.9328741806414056,-1.9198687420878755,2.153740655077255,-1.862655336783092,5.358251283243806,0.7639650751233831,2.627317368889525,2.195491813071042,430.39246505158906,9.803118619434356,7.830306266327214,7.830306266327214,6.860173345306137,4.308924948948162,4.308924948948162,2.8485627654385057,2.8485627654385057,1.8191544170049152,1.8191544170049152,1.0687008388649366,1.0687008388649366,-1.9699999999999993,2858.521297351803,8.620407990533684,3.8260274587107355,1.8492596270662867,81.90745074140754,0.0,0.0,5.817862777835028,0.0,0.0,0.0,0.0,4.681802935145185,5.098681808301038,10.228500251258795,18.19910120538483,12.13273413692322,13.1140390511388,11.884229846296638,0.0,11.50524905251859,0.0,9.780484743446223,17.276172233935984,0.0,0.0,42.595045982382736,0.0,0.0,0.0,11.50524905251859,0.0,0.0,9.780484743446223,7.04767198267719,0.0,0.0,52.82354623364153,0.0,0.0,0.0,42.54,0.0,0.0,0.0,0.0,0.0,11.50524905251859,0.0,10.878646506758262,43.44587439344685,15.327182059559831,0.0,1.6730555555555555,0.0,0.0,12.12700459813555,0.8413888888888892,0.7443083900226759,11.421094419249181,1.6937962962962962,0.0,1.832685185185185,0.1,14,0,4,0,0,0,0,1,1,2,0,0,3,0,4,1,2,0,0,0,0,0,2.3558512626479504,2,2.8355000000000006,53.82600000000003,0,0,0,0,0,2,0,0,0,0,0,0,0,0,0,4,0,0,0,0,0,0,0,0,0,0,0,0,0,0,1,0,1,0,1,0,0,0,0,0,0,0,0,0,0,0,0,0,0,0,0,0,0,0,0,0,0,0,0,0,0,0,0,0,0,0,0,0,0,0,0,0,0,0,0,0,0,0,0,0,0,0,0,0,0
7,C[N]1N=CC(=C1N=NC2=CC=CC=C2)C,4.161018518518518,4.161018518518518,0.7906046863189722,0.7906046863189722,0.686453658688664,11.066666666666666,200.24500000000003,188.14899999999997,200.106196384,76,0,0.175189925861859,-0.24925045845489274,0.24925045845489274,0.175189925861859,1.1333333333333333,1.8666666666666667,2.466666666666667,15.326509359835397,10.320356478731535,2.0100598775089042,-1.9427565033391552,2.1958870160839195,-1.8699992895464013,5.388678999901586,0.7634919988201354,2.577070606890562,2.2611677608992613,451.0880732176565,10.673362107437434,8.752955997137589,8.752955997137589,7.270856947829096,4.725591615614829,4.725591615614829,3.310344955040471,3.310344955040471,2.1002052896046464,2.1002052896046464,1.2841934955215362,1.2841934955215362,-1.9699999999999993,4030.538429176839,9.5798857198885,4.041467359803878,2.095848816736051,88.27239285580416,0.0,0.0,5.817862777835028,0.0,0.0,0.0,0.0,4.681802935145185,5.098681808301038,10.228500251258795,18.19910120538483,19.056471336613846,12.611123474374185,11.884229846296638,0.0,11.50524905251859,0.0,9.780484743446223,17.276172233935984,6.923737199690624,0.0,42.09213040561812,0.0,0.0,0.0,11.50524905251859,0.0,0.0,9.780484743446223,7.04767198267719,6.923737199690624,5.563451491696996,46.75717916517992,0.0,0.0,0.0,42.54,0.0,0.0,0.0,0.0,0.0,17.068700544215584,0.0,10.878646506758262,44.30324452467586,15.327182059559831,0.0,1.7100925925925925,0.0,0.0,12.386912005542957,1.8706306689342405,0.7906046863189722,9.64648226883346,1.7771296296296295,1.9646296296296295,1.8535185185185186,0.18181818181818182,15,0,4,0,0,0,0,1,1,2,0,0,3,0,4,1,2,0,0,0,0,0,2.5811196965053766,2,3.1439200000000014,58.56300000000003,0,0,0,0,0,2,0,0,0,0,0,0,0,0,0,4,0,0,0,0,0,0,0,0,0,0,0,0,0,0,2,0,1,0,1,0,0,0,0,0,0,0,0,0,0,0,0,0,0,0,0,0,0,0,0,0,0,0,0,0,0,0,0,0,0,0,0,0,0,0,0,0,0,0,0,0,0,0,0,0,0,0,0,0,0
8,CC(N(C)C(C)=C1)=C1/N=N/C2=CC=CC=C2,4.261851851851851,4.261851851851851,0.8781538170823886,0.8781538170823886,0.6733284582995036,11.1875,213.284,198.16399999999996,213.12659748,82,0,0.10651178733291924,-0.3501197125286225,0.3501197125286225,0.10651178733291924,1.0,1.6875,2.25,15.124415405914991,10.319476049082331,2.0367383095653246,-1.9745359724423228,2.239079685076617,-1.911447619511395,5.456712377232969,0.8431902179180953,2.5556959703336593,2.27660539840396,509.47401848680676,11.543605595440512,9.805742401637632,9.805742401637632,7.6815405503520555,5.27967465821246,5.27967465821246,3.8509357054984594,3.8509357054984594,2.7778698242405153,2.7778698242405153,1.5429748794582219,1.5429748794582219,-1.8999999999999995,5878.100731767417,10.612258234287971,4.30801419554817,2.029984613499272,95.44923342084955,4.567099647791355,5.687386274683562,0.0,0.0,0.0,0.0,0.0,0.0,5.114250125629398,5.114250125629398,18.19910120538483,32.046575604766076,18.43552797237411,5.687386274683562,0.0,11.374772549367124,0.0,4.567099647791355,17.276172233935984,13.847474399381248,0.0,47.78605840046658,0.0,0.0,0.0,11.374772549367124,0.0,0.0,4.567099647791355,7.04767198267719,13.847474399381248,11.387855989696922,46.62670266202846,0.0,0.0,0.0,29.65,0.0,0.0,0.0,0.0,0.0,17.068700544215584,5.693927994848461,0.0,50.36961159313747,21.719337098740773,0.0,2.1104629629629628,0.0,0.0,8.465277777777779,4.142548133450911,0.0,11.80245753548333,0.0,4.111987906273621,2.033932350718065,0.23076923076923078,16,0,3,0,0,0,0,1,1,2,0,0,2,0,3,1,2,0,0,0,0,0,2.857359945008471,2,4.057340000000003,65.50500000000004,0,0,0,0,0,1,0,0,0,0,0,0,0,0,0,3,0,0,0,0,0,0,0,0,0,0,0,0,0,0,1,0,1,0,1,0,0,0,0,0,0,0,0,0,0,0,0,0,0,0,0,0,0,0,0,0,0,0,0,0,0,0,0,0,0,0,0,0,0,0,0,0,0,0,0,0,0,0,0,0,0,0,0,0,0
9,CC(N(C)C(C)=C1C)=C1/N=N/C2=CC=CC=C2,4.3613888888888885,4.3613888888888885,0.8822278911564627,0.8822278911564627,0.6819824014983892,11.294117647058824,227.311,210.17499999999995,227.14224754399999,88,0,0.10942222367021696,-0.3498436786567865,0.3498436786567865,0.10942222367021696,0.8823529411764706,1.5294117647058822,2.0588235294117645,15.12833664937953,10.221133987536122,2.1056151804057053,-1.97477627890543,2.294336465552459,-1.9203236379414532,5.533933306604693,0.8398308227469148,2.5363986565746113,2.373908302300202,525.0914536229403,12.41384908344359,10.728392132448006,10.728392132448006,8.109060905280622,5.702324389022833,5.702324389022833,4.238993344311651,4.238993344311651,3.2685095388322427,3.2685095388322427,1.8544294200369298,1.8544294200369298,-1.8999999999999995,8755.648162495558,11.58146290652367,4.534587057963683,2.1343668903340545,101.81417553524616,4.567099647791355,5.687386274683562,0.0,0.0,0.0,0.0,0.0,0.0,5.114250125629398,5.114250125629398,18.19910120538483,38.46739722769209,18.43552797237411,5.687386274683562,0.0,11.374772549367124,0.0,4.567099647791355,17.276172233935984,20.771211599071872,0.0,47.283142823701965,0.0,0.0,0.0,11.374772549367124,0.0,0.0,4.567099647791355,7.04767198267719,20.771211599071872,16.95130748139392,40.56033559356685,0.0,0.0,0.0,29.65,0.0,0.0,0.0,0.0,0.0,17.068700544215584,11.257379486545457,0.0,30.33183534230805,42.61448348079921,0.0,2.1475,0.0,0.0,8.625648148148148,5.454197320903671,0.0,9.796363903586125,0.0,6.254858276643991,2.0547656840513984,0.2857142857142857,17,0,3,0,0,0,0,1,1,2,0,0,2,0,3,1,2,0,0,0,0,0,3.089244224012276,2,4.365760000000003,70.24200000000003,0,0,0,0,0,1,0,0,0,0,0,0,0,0,0,3,0,0,0,0,0,0,0,0,0,0,0,0,0,0,0,0,1,0,1,0,0,0,0,0,0,0,0,0,0,0,0,0,0,0,0,0,0,0,0,0,0,0,0,0,0,0,0,0,0,0,0,0,0,0,0,0,0,0,0,0,0,0,0,0,0,0,0,0,0
10,CN1C(/N=N/C2=CC=CC=C2)=C(C)C=C1C,4.284351851851852,4.284351851851852,0.8756972789115647,0.8756972789115647,0.6733284582995035,11.1875,213.28399999999996,198.16399999999996,213.12659748,82,0,0.1576145038585346,-0.3317941939001724,0.3317941939001724,0.1576145038585346,1.0,1.6875,2.25,15.190703886378918,10.314698660478232,2.0426461476159403,-1.986964963480929,2.2375430830080694,-1.8781837644926316,5.432930801619544,0.8679830044081255,2.5261907348567605,2.3080828768207478,509.47401848680676,11.543605595440512,9.80574240163763,9.80574240163763,7.681540550352055,5.27967465821246,5.27967465821246,3.8869045974697127,3.8869045974697127,2.6412493591215696,2.6412493591215696,1.6519850271915375,1.6519850271915375,-1.8999999999999995,5709.191060776278,10.612258234287971,4.30801419554817,2.029984613499272,95.44923342084952,4.567099647791355,0.0,5.817862777835028,0.0,0.0,0.0,0.0,0.0,0.0,10.228500251258795,18.19910120538483,37.61002709646307,12.74159997752565,5.687386274683562,0.0,11.50524905251859,0.0,4.567099647791355,17.276172233935984,13.847474399381248,0.0,47.655581897315116,0.0,0.0,0.0,11.50524905251859,0.0,0.0,4.567099647791355,7.04767198267719,13.847474399381248,11.257379486545457,46.62670266202846,0.0,0.0,0.0,29.65,0.0,0.0,0.0,0.0,0.0,17.068700544215584,5.693927994848461,0.0,48.87034417246721,23.21860451941103,0.0,2.0434259259259258,0.0,0.0,8.5,3.222172094146301,0.917919501133787,11.869494572520365,0.0,4.111987906273621,2.0016666666666665,0.23076923076923078,16,0,3,0,0,0,0,1,1,2,0,0,2,0,3,1,2,0,0,0,0,0,2.857359945008471,2,4.057340000000003,65.50500000000004,0,0,0,0,0,1,0,0,0,0,0,0,0,0,0,3,0,0,0,0,0,0,0,0,0,0,0,0,0,0,2,0,1,0,1,0,0,0,0,0,0,0,0,0,0,0,0,0,0,0,0,0,0,0,0,0,0,0,0,0,0,0,0,0,0,0,0,0,0,0,0,0,0,0,0,0,0,0,0,0,0,0,0,0,0
11,CN1C(/N=N/C2=CC=CC=C2)=CC=C1,4.123981481481481,4.123981481481481,0.8554195011337871,0.8554195011337871,0.6413557126921565,10.928571428571429,185.23,174.14199999999997,185.095297352,70,0,0.1544487626962982,-0.33461605571079467,0.33461605571079467,0.1544487626962982,0.9285714285714286,1.7142857142857142,2.357142857142857,15.180857976614492,10.32225560194325,1.9196237253641246,-1.934478225615253,2.16433632023131,-1.7986195384112562,5.363471620959396,0.9096196942451693,2.627317368889525,2.1954918130710426,428.80311069328894,9.803118619434356,7.960442940016883,7.960442940016883,6.860173345306137,4.442258282281496,4.442258282281496,3.0128411359511977,3.0128411359511977,1.9404594492286686,1.9404594492286686,1.1596326918611517,1.1596326918611517,-1.8999999999999995,2858.521297351803,8.687378357904553,3.8723402072432553,1.8786213247680876,82.7193491920563,4.567099647791355,0.0,5.817862777835028,0.0,0.0,0.0,0.0,0.0,0.0,10.228500251258795,18.19910120538483,24.26546827384644,13.244515554290267,5.687386274683562,0.0,11.50524905251859,0.0,4.567099647791355,17.276172233935984,0.0,0.0,48.661413050844345,0.0,0.0,0.0,11.50524905251859,0.0,0.0,4.567099647791355,7.04767198267719,0.0,0.0,58.88991330210314,0.0,0.0,0.0,29.65,0.0,0.0,0.0,0.0,0.0,11.50524905251859,0.0,0.0,60.276184681312884,10.228500251258795,0.0,1.9230555555555555,0.0,0.0,8.237685185185185,0.8691666666666668,0.8554195011337871,13.560413832199545,1.9437962962962962,0.0,1.9437962962962962,0.09090909090909091,14,0,3,0,0,0,0,1,1,2,0,0,2,0,3,1,2,0,0,0,0,0,2.402891750774906,2,3.440500000000002,56.031000000000034,0,0,0,0,0,1,0,0,0,0,0,0,0,0,0,3,0,0,0,0,0,0,0,0,0,0,0,0,0,0,1,0,1,0,1,0,0,0,0,0,0,0,0,0,0,0,0,0,0,0,0,0,0,0,0,0,0,0,0,0,0,0,0,0,0,0,0,0,0,0,0,0,0,0,0,0,0,0,0,0,0,0,0,0,0
12,CN1C(/N=N/C2=CC=CC=C2)=NC=C1,4.051203703703704,4.051203703703704,0.6054195011337871,0.6054195011337871,0.6647335628342163,10.928571428571429,186.218,176.13799999999998,186.09054632,70,0,0.24862159943675088,-0.31742342525906064,0.31742342525906064,0.24862159943675088,1.1428571428571428,1.9285714285714286,2.5714285714285716,15.245266015469516,10.32255942532811,1.9375657810542963,-1.917732002770064,2.142264824845012,-1.8137136009688921,5.350745420583154,0.8930260020007083,2.627317368889525,2.1954918130710426,430.39246505158906,9.803118619434356,7.830306266327215,7.830306266327215,6.860173345306137,4.302055501850489,4.302055501850489,2.873696133181061,2.873696133181061,1.806855544462365,1.806855544462365,1.051213321824139,1.051213321824139,-1.9699999999999998,2858.521297351803,8.620407990533684,3.8260274587107355,1.8492596270662867,81.9389971730028,4.567099647791355,0.0,0.0,5.948339280986494,0.0,0.0,0.0,4.9839785209472085,0.0,10.228500251258795,18.19910120538483,12.13273413692322,19.441359125903343,5.687386274683562,0.0,11.635725555670057,0.0,9.551078168738563,17.276172233935984,0.0,0.0,42.7255224855342,0.0,0.0,0.0,11.635725555670057,0.0,0.0,9.551078168738563,7.04767198267719,0.0,0.0,52.95402273679299,0.0,0.0,0.0,42.54,0.0,0.0,0.0,0.0,5.948339280986494,5.687386274683562,0.0,6.196843571613076,48.143450544389665,15.212478772206005,0.0,1.8119444444444444,0.0,4.033385770975057,8.064074074074075,0.8291666666666667,0.6054195011337871,9.581565098261526,3.5264814814814813,0.0,1.8812962962962962,0.1,14,0,4,0,0,0,0,1,1,2,0,0,3,0,4,1,2,0,0,0,0,0,2.3558512626479504,2,2.8355000000000006,53.82600000000003,0,0,0,0,0,2,0,0,0,0,0,0,0,0,0,4,0,0,0,0,0,0,0,0,0,0,0,0,0,0,1,0,1,0,1,0,0,0,0,0,0,0,0,0,0,0,0,1,0,0,0,0,0,0,0,0,0,0,0,0,0,0,0,0,0,0,0,0,0,0,0,0,0,0,0,0,0,0,0,0,0,0,0,0,0
13,CN(C=N1)C=C1/N=N/C2=CC=CC=C2,4.038981481481482,4.038981481481482,0.6216232048374906,0.6216232048374906,0.6647335628342163,10.928571428571429,186.21800000000002,176.13799999999998,186.09054632,70,0,0.19173594269137578,-0.33828128120985596,0.33828128120985596,0.19173594269137578,1.1428571428571428,1.9285714285714286,2.5714285714285716,15.178595310297855,10.322376012168615,1.915606728773281,-1.8738046637870713,2.143318968455349,-1.759931585608556,5.355257915985902,0.9130779458489774,2.629807099904142,2.15059080238607,430.39246505158906,9.803118619434356,7.830306266327214,7.830306266327214,6.84333659290053,4.291989395109152,4.291989395109152,2.932885970263343,2.932885970263343,1.7153675120428518,1.7153675120428518,1.0542887387712678,1.0542887387712678,-1.9699999999999993,2787.5955258983904,8.620407990533684,3.8260274587107355,2.0385179270535043,81.93899717300282,4.567099647791355,0.0,5.817862777835028,0.0,0.0,0.0,0.0,4.9839785209472085,0.0,10.228500251258795,18.19910120538483,12.13273413692322,7.04767198267719,18.21154992106118,0.0,11.50524905251859,0.0,9.551078168738563,17.276172233935984,0.0,0.0,42.85599898868567,0.0,0.0,0.0,11.50524905251859,0.0,0.0,9.551078168738563,7.04767198267719,0.0,0.0,53.08449923994446,0.0,0.0,0.0,42.54,0.0,0.0,0.0,0.0,5.817862777835028,5.687386274683562,0.0,6.3273200747645415,48.143450544389665,15.212478772206005,0.0,1.832685185185185,0.0,4.033385770975057,8.029351851851853,0.8316232048374907,0.6216232048374906,9.581565098261526,3.5057407407407406,0.0,1.897358276643991,0.1,14,0,4,0,0,0,0,1,1,2,0,0,3,0,4,1,2,0,0,0,0,0,2.3558512626479504,2,2.8355000000000006,53.82600000000003,0,0,0,0,0,2,0,0,0,0,0,0,0,0,0,4,0,0,0,0,0,0,0,0,0,0,0,0,0,0,1,0,1,0,1,0,0,0,0,0,0,0,0,0,0,0,0,1,0,0,0,0,0,0,0,0,0,0,0,0,0,0,0,0,0,0,0,0,0,0,0,0,0,0,0,0,0,0,0,0,0,0,0,0,0
14,CN1C(/N=N/C2=CC=CC=C2)=CN=C1,4.073703703703703,4.073703703703703,0.7443083900226759,0.7443083900226759,0.6647335628342163,10.928571428571429,186.218,176.13799999999998,186.09054632,70,0,0.1741291885139673,-0.3174834910812488,0.3174834910812488,0.1741291885139673,1.1428571428571428,1.9285714285714286,2.5714285714285716,15.206567396529604,10.32233968089098,1.9320130824547388,-1.9210017525684755,2.153552961044052,-1.8026191275763317,5.356915133360792,0.8985554707488091,2.627317368889525,2.1954918130710426,430.39246505158906,9.803118619434356,7.830306266327215,7.830306266327215,6.860173345306137,4.291989395109151,4.291989395109151,2.898293878266161,2.898293878266161,1.8153675120428518,1.8153675120428518,1.0502067111500053,1.0502067111500053,-1.9699999999999998,2858.521297351803,8.620407990533684,3.8260274587107355,1.8492596270662867,81.9389971730028,4.567099647791355,0.0,5.817862777835028,0.0,0.0,0.0,0.0,4.9839785209472085,0.0,10.228500251258795,18.19910120538483,12.13273413692322,7.04767198267719,18.211549921061177,0.0,11.50524905251859,0.0,9.551078168738563,17.276172233935984,0.0,0.0,42.85599898868567,0.0,0.0,0.0,11.50524905251859,0.0,0.0,9.551078168738563,7.04767198267719,0.0,0.0,53.08449923994446,0.0,0.0,0.0,42.54,0.0,0.0,0.0,0.0,0.0,11.50524905251859,0.0,12.524163646377618,41.94660697277659,15.212478772206005,0.0,1.8119444444444444,0.0,3.9432083018392543,8.135185185185184,0.841388888888889,0.7443083900226759,9.609149974804737,3.3668518518518518,0.0,1.8812962962962962,0.1,14,0,4,0,0,0,0,1,1,2,0,0,3,0,4,1,2,0,0,0,0,0,2.3558512626479504,2,2.8355000000000006,53.82600000000003,0,0,0,0,0,2,0,0,0,0,0,0,0,0,0,4,0,0,0,0,0,0,0,0,0,0,0,0,0,0,1,0,1,0,1,0,0,0,0,0,0,0,0,0,0,0,0,1,0,0,0,0,0,0,0,0,0,0,0,0,0,0,0,0,0,0,0,0,0,0,0,0,0,0,0,0,0,0,0,0,0,0,0,0,0
15,NC(C=C1)=CC=C1N=NC2=NNC=C2,5.5277924225245645,5.5277924225245645,0.5572453703703706,0.5572453703703706,0.5588220439613475,10.857142857142858,187.20600000000005,178.134,187.08579528799999,70,0,0.19496187437066984,-0.3987267517813808,0.3987267517813808,0.19496187437066984,1.0714285714285714,1.8571428571428572,2.5,15.223873858436612,10.280343164313338,1.9052203370132175,-1.916190133093429,2.1647550384928103,-1.7999903607106547,5.470636524707313,1.0549962235576467,2.696484800638287,2.1460872505550914,414.9727805130451,9.803118619434356,7.3830926708272555,7.3830926708272555,6.84333659290053,4.1151531331636075,4.1151531331636075,2.7239672899095595,2.7239672899095595,1.6470541506200551,1.6470541506200551,0.9581200560938169,0.9581200560938169,-2.17,2922.9895238919034,8.429238558789956,3.694598591556755,1.9490792436669842,80.67242783742833,5.733667477162185,0.0,5.817862777835028,0.0,0.0,0.0,5.098681808301038,0.0,5.098681808301038,10.228500251258795,0.0,24.26546827384644,17.950596914758247,5.687386274683562,0.0,17.192635327202154,0.0,10.197363616602075,10.228500251258795,0.0,5.733667477162185,36.52867891392113,0.0,0.0,5.733667477162185,17.192635327202154,0.0,0.0,10.197363616602075,0.0,0.0,0.0,46.75717916517993,0.0,0.0,0.0,79.41999999999999,0.0,0.0,0.0,0.0,11.50524905251859,5.687386274683562,0.0,36.52867891392113,0.0,20.42586386786087,5.733667477162185,0.0,0.0,0.0,14.37484667632485,6.991606722936088,0.5572453703703706,8.884500818846057,1.6918004115226337,0.0,0.0,0.0,14,3,5,0,0,0,0,1,1,2,0,0,4,2,5,1,2,0,0,0,0,0,2.224475207657233,2,2.4073,53.61810000000001,0,0,0,1,0,2,1,0,0,0,0,0,0,0,0,3,1,1,0,0,0,1,0,0,0,0,0,0,0,1,0,0,1,0,1,0,0,0,0,0,0,0,0,0,0,0,0,0,0,0,0,0,0,0,0,0,0,0,0,0,0,0,0,0,0,0,0,0,0,0,0,0,0,0,0,0,0,0,0,0,0,0,0,0,0
16,COC(C=C1)=CC=C1N=NC2=NNC=C2,5.029930161879566,5.029930161879566,0.5609426440329222,0.5609426440329222,0.7775776804348311,10.733333333333333,202.217,192.13699999999997,202.08546094,76,0,0.19496187443791302,-0.496765848054951,0.496765848054951,0.19496187443791302,1.1333333333333333,1.9333333333333333,2.533333333333333,16.465266413560737,10.29333779110386,1.925025709511931,-1.9698417598566453,2.1905785898288923,-1.7898072586226625,5.407215646702501,0.41460067665299605,2.7983912451274797,2.1070769428591287,432.95576495931704,10.510225400620904,8.213990692101493,8.213990692101493,7.381341395361316,4.43885043426459,4.43885043426459,2.8304603622036737,2.8304603622036737,1.82638908477365,1.82638908477365,1.066019156460811,1.066019156460811,-2.17,5171.427020995582,9.387539673203536,4.364544959263488,2.3987462503847983,86.8110244843191,4.736862953800049,5.749511833283905,5.817862777835028,0.0,0.0,0.0,5.098681808301038,0.0,5.098681808301038,10.228500251258795,0.0,24.26546827384644,12.263210640074686,12.797183815961095,4.736862953800049,11.50524905251859,0.0,10.197363616602075,10.228500251258795,0.0,7.109797541277533,36.52867891392113,0.0,5.749511833283905,4.736862953800049,11.50524905251859,5.749511833283905,0.0,17.30716115787961,0.0,0.0,0.0,46.75717916517993,0.0,0.0,0.0,62.63,0.0,0.0,0.0,0.0,5.817862777835028,11.436898107967467,0.0,19.37300818135222,24.26546827384644,20.42586386786087,4.736862953800049,5.029930161879566,0.0,0.0,14.46027788102283,0.762777777777778,1.3606828703703708,9.064284769463342,1.6968004115226338,0.0,1.62524612796348,0.1,15,1,5,0,0,0,0,1,1,2,0,0,4,1,5,1,3,0,0,0,0,0,2.731489264037767,2,2.8337000000000003,55.75770000000002,0,0,0,0,0,2,1,0,0,0,0,0,0,0,0,3,1,0,0,0,0,1,0,0,0,0,0,0,0,0,0,0,1,0,1,0,0,0,0,0,0,1,0,0,0,0,0,0,0,0,0,0,0,0,0,1,0,0,0,0,0,0,0,0,0,0,0,0,0,0,0,0,0,0,0,0,0,0,0,0,0,0,0,0,0
17,CC(C=C1)=CC=C1N=NC2=NNC=C2,4.032314814814814,4.032314814814814,0.5884953703703706,0.5884953703703706,0.7194645956813147,10.928571428571429,186.21800000000005,176.13799999999998,186.09054632,70,0,0.1949618742952875,-0.2834945189142336,0.2834945189142336,0.1949618742952875,1.0714285714285714,1.8571428571428572,2.5,15.22378522645718,10.214525481448574,1.903099072136621,-1.9140285447748688,2.1544944898426235,-1.679991997987414,5.381253422966081,1.0547498004894955,2.696484800638287,2.1460872505550914,413.8924650515891,9.803118619434356,7.80574240163763,7.80574240163763,6.84333659290053,4.326477998568795,4.326477998568795,2.967984225765852,2.967984225765852,1.787937394223513,1.787937394223513,1.028561677895546,1.028561677895546,-1.9699999999999998,2922.9895238919034,8.620407990533684,3.8260274587107355,2.0385179270535043,81.69747925481221,0.0,0.0,5.817862777835028,0.0,0.0,0.0,5.098681808301038,0.0,5.098681808301038,10.228500251258795,17.696185628620217,19.056471336613843,12.263210640074686,5.687386274683562,0.0,11.50524905251859,0.0,10.197363616602075,10.228500251258795,6.923737199690624,0.0,42.09213040561812,0.0,0.0,0.0,11.50524905251859,0.0,0.0,10.197363616602075,0.0,6.923737199690624,5.563451491696996,46.75717916517993,0.0,0.0,0.0,53.4,0.0,0.0,0.0,0.0,5.817862777835028,5.687386274683562,5.563451491696996,12.263210640074686,31.18920547353706,20.42586386786087,0.0,0.0,0.0,0.0,14.51590991643571,2.043814300411523,0.5884953703703706,9.603636621315193,1.7118004115226337,2.0363433799445705,0.0,0.1,14,1,4,0,0,0,0,1,1,2,0,0,3,1,4,1,2,0,0,0,0,0,2.3558512626479504,2,3.1335200000000007,53.942700000000016,0,0,0,0,0,2,1,0,0,0,0,0,0,0,0,3,1,0,0,0,0,1,0,0,0,0,0,0,0,0,1,0,1,0,1,0,0,0,0,0,0,0,0,0,0,0,0,0,0,0,0,0,0,0,0,0,0,0,0,0,0,0,0,0,0,0,0,0,0,0,0,0,0,0,0,0,0,0,0,0,0,0,0,0,0
18,C1(/N=N/C2=CC=NN2)=CC=NN1,3.844398148148148,3.844398148148148,0.6153703703703703,0.6153703703703703,0.6564251270633882,11.0,162.156,156.108,162.06539419199999,60,0,0.16996523835752472,-0.25983295239931853,0.25983295239931853,0.16996523835752472,0.9166666666666666,1.4166666666666667,1.75,15.26918614794038,10.64753646078211,1.891401253559381,-1.8105846317032357,2.1059234096130433,-1.64419693984012,5.259978808246524,1.0249152043358292,2.7433570453551104,2.1354021096466793,309.0513578599477,8.225768350244728,6.098255458758335,6.098255458758335,5.949489742783179,3.354841906350531,3.354841906350531,2.0837622399223985,2.0837622399223985,1.2375492057517108,1.2375492057517108,0.7162027429712192,0.7162027429712192,-1.98,1325.0414529065183,6.713014845142143,2.9516118607817234,1.3643615791748425,67.72979911078114,0.0,0.0,11.635725555670057,0.0,0.0,0.0,10.197363616602075,0.0,10.197363616602075,10.228500251258795,0.0,0.0,12.13273413692322,12.393687143226153,0.0,11.635725555670057,0.0,20.39472723320415,10.228500251258795,0.0,0.0,24.52642128014937,0.0,0.0,0.0,11.635725555670057,0.0,0.0,20.39472723320415,0.0,0.0,0.0,34.75492153140817,0.0,0.0,0.0,82.07999999999998,0.0,0.0,0.0,0.0,11.635725555670057,0.0,0.0,24.52642128014937,0.0,30.623227484462944,0.0,0.0,0.0,0.0,20.43358560090703,0.0,1.230740740740741,3.4441836734693876,3.2248233182161754,0.0,0.0,0.0,12,2,6,0,0,0,0,0,2,2,0,0,4,2,6,2,2,0,0,0,0,0,1.6511845198771111,2,1.5481999999999991,41.351400000000005,0,0,0,0,0,4,2,0,0,0,0,0,0,0,0,4,2,0,0,0,0,2,0,0,0,0,0,0,0,0,0,0,1,0,0,0,0,0,0,0,0,0,0,0,0,0,0,0,0,0,0,0,0,0,0,0,0,0,0,0,0,0,0,0,0,0,0,0,0,0,0,0,0,0,0,0,0,0,0,0,0,0,0,0,0
19,[H]C(C=C1)=CC=C1N=NC2=NNC=C2,3.991203703703704,3.991203703703704,0.5869009826152687,0.5869009826152687,0.6954861085176034,10.76923076923077,172.19100000000003,164.12699999999998,172.074896256,64,0,0.19496187428404313,-0.2834945189142336,0.2834945189142336,0.19496187428404313,1.0,1.8461538461538463,2.5384615384615383,15.223747283905581,10.322302342779116,1.8858781695041325,-1.8691066475316507,2.1374527476967775,-1.6343148945405872,5.355695327844979,1.0549588878787595,2.6889513315807085,2.1495092600462233,377.2616581651028,8.932875131431278,6.8830926708272555,6.8830926708272555,6.449489742783179,3.9157943960458357,3.9157943960458357,2.467984225765852,2.467984225765852,1.5101596164457356,1.5101596164457356,0.9117923154080233,0.9117923154080233,-1.9699999999999998,2054.358817327661,7.6673647482844585,3.62041597443835,1.989484546769743,75.33253714041562,0.0,0.0,5.817862777835028,0.0,0.0,0.0,5.098681808301038,0.0,5.098681808301038,10.228500251258795,18.19910120538483,12.13273413692322,12.263210640074686,5.687386274683562,0.0,11.50524905251859,0.0,10.197363616602075,10.228500251258795,0.0,0.0,42.595045982382736,0.0,0.0,0.0,11.50524905251859,0.0,0.0,10.197363616602075,0.0,0.0,0.0,52.82354623364153,0.0,0.0,0.0,53.4,0.0,0.0,0.0,0.0,5.817862777835028,5.687386274683562,0.0,12.263210640074686,30.33183534230805,20.42586386786087,0.0,0.0,0.0,0.0,14.418462144116907,0.8245370370370372,0.5869009826152687,11.295747984378936,1.707685185185185,0.0,0.0,0.0,13,1,4,0,0,0,0,1,1,2,0,0,3,1,4,1,2,0,0,0,0,0,2.1353115243488103,2,2.825100000000001,49.205700000000014,0,0,0,0,0,2,1,0,0,0,0,0,0,0,0,3,1,0,0,0,0,1,0,0,0,0,0,0,0,0,0,0,1,0,1,0,0,0,0,0,0,0,0,0,0,0,0,0,0,0,0,0,0,0,0,0,0,0,0,0,0,0,0,0,0,0,0,0,0,0,0,0,0,0,0,0,0,0,0,0,0,0,0,0,0
20,BrC(C=C1)=CC=C1N=NC2=NNC=C2,4.011481481481481,4.011481481481481,0.5767766203703706,0.5767766203703706,0.8143878613574603,10.928571428571429,251.08700000000002,244.03099999999998,249.985408324,70,0,0.19496187432765386,-0.2834945189142335,0.2834945189142335,0.19496187432765386,1.0714285714285714,1.8571428571428572,2.5,79.91873102855456,10.32041641423465,1.9086195245394928,-1.9032584264115,2.1831692705042545,-1.651434265829302,9.102993115091879,1.0548668708813065,2.696484800638287,2.1460872505550914,418.58242098748195,9.803118619434356,7.183706874646857,8.769703413761562,6.84333659290053,4.015460235073408,4.808458504630761,2.6088518468122186,3.5245273756039084,1.5805922185599224,2.109257731598157,0.9248890900637504,1.1892218465828683,-1.4899999999999998,2922.9895238919034,9.080238565505935,4.146755826237499,2.25960449065647,89.20008474605697,0.0,0.0,5.817862777835028,0.0,0.0,0.0,5.098681808301038,0.0,5.098681808301038,10.228500251258795,15.929943897949348,24.26546827384644,16.7359301559071,5.687386274683562,0.0,27.43519295046794,0.0,10.197363616602075,10.228500251258795,0.0,0.0,41.00139842975354,0.0,0.0,0.0,11.50524905251859,0.0,15.929943897949348,10.197363616602075,0.0,0.0,0.0,51.22989868101234,0.0,0.0,0.0,53.4,0.0,0.0,0.0,0.0,5.817862777835028,10.160105790515976,0.0,12.263210640074686,24.26546827384644,36.35580776581022,0.0,1.0242772633744857,3.3456367709120687,0.0,14.463011201394139,0.8020370370370371,0.5767766203703706,9.333960695389267,1.7043004115226337,0.0,0.0,0.0,14,1,4,0,0,0,0,1,1,2,0,0,3,1,5,1,2,0,0,0,0,0,2.6895380125098685,2,3.587600000000001,56.90570000000001,0,0,0,0,0,2,1,0,0,0,0,0,0,0,0,3,1,0,0,0,0,1,0,0,0,0,0,0,0,0,0,0,1,0,1,0,0,0,0,0,0,0,0,0,1,0,0,0,0,0,0,0,0,0,0,0,0,0,0,0,0,0,0,0,0,0,0,0,0,0,0,0,0,0,0,0,0,0,0,0,0,0,0,0,0
21,FC1=CC=CC=C1N=NC2=NNC=C2,13.036306925547997,13.036306925547997,0.20416666666666683,-0.3964947089947082,0.7268991970373581,10.928571428571429,190.18100000000004,183.125,190.065474444,70,0,0.19496387760482337,-0.2834945188556944,0.2834945188556944,0.19496387760482337,1.1428571428571428,2.0,2.7142857142857144,19.142206099799285,10.301540975463437,1.9717672983549173,-1.9122564708226415,2.184242596263258,-1.7172666737142461,5.375799363766441,0.6281305336475432,2.6922500075438376,2.2274077215500707,435.8324209874819,9.803118619434356,7.183706874646857,7.183706874646857,6.860173345306137,4.021443299217116,4.021443299217116,2.583846621335835,2.583846621335835,1.5986837760028787,1.5986837760028787,0.9460919380023053,0.9460919380023053,-2.0399999999999996,2966.859508313309,8.55346898338668,3.7798758454966186,1.8200897383602357,79.49807254334185,0.0,5.687386274683562,11.635083618880923,0.0,0.0,0.0,5.098681808301038,4.39041504767482,5.098681808301038,10.228500251258795,12.13273413692322,12.13273413692322,12.263210640074686,0.0,4.39041504767482,11.50524905251859,0.0,10.197363616602075,10.228500251258795,0.0,0.0,42.345899754967014,0.0,0.0,0.0,15.895664100193411,0.0,0.0,10.197363616602075,0.0,5.817220841045895,0.0,46.75717916517993,0.0,0.0,0.0,53.4,5.817220841045895,4.39041504767482,0.0,5.687386274683562,5.817862777835028,0.0,6.06636706846161,30.462311845459517,0.0,20.42586386786087,0.0,13.036306925547997,0.0,0.0,13.79191617850844,0.20416666666666683,0.027813681027967885,7.8190586419753085,1.6207379062736207,0.0,0.0,0.0,14,1,4,0,0,0,0,1,1,2,0,0,3,1,5,1,2,0,0,0,0,0,2.309360771821988,2,2.964200000000001,49.16370000000001,0,0,0,0,0,2,1,0,0,0,0,0,0,0,0,3,1,0,0,0,0,1,0,0,0,0,0,0,0,0,0,0,1,0,1,0,0,0,0,0,0,0,0,0,1,0,0,0,0,0,0,0,0,0,0,0,0,0,0,0,0,0,0,0,0,0,0,0,0,0,0,0,0,0,0,0,0,0,0,0,0,0,0,0,0
22,O=C(O)C(C=C1)=CC=C1N=NC2=NNC=C2,10.588673856339803,10.588673856339803,0.22103652263374562,-0.9622314604854292,0.7719607865643685,10.75,216.2,208.13599999999997,216.064725496,80,0,0.33518087805050856,-0.4776392360855499,0.4776392360855499,0.33518087805050856,1.1875,1.9375,2.5,16.36555027380456,10.190341955536674,2.002786025213946,-1.9340090753436239,2.1600683726171597,-1.9343997231112773,5.873682964757488,0.06966830025663222,2.7954262134167207,2.1378121683282885,502.1251163802576,11.380468888623982,8.161204287601452,8.161204287601452,7.7540201954234895,4.504208941550705,4.504208941550705,2.9844616555795223,2.9844616555795223,1.8682213026281849,1.8682213026281849,1.087805325556183,1.087805325556183,-2.5,7301.653269444474,10.032699167657551,4.347468770545694,2.2958352195563605,90.653235107052,5.106527394840706,0.0,5.817862777835028,0.0,0.0,5.969305287951849,5.098681808301038,4.794537184071822,5.098681808301038,10.228500251258795,0.0,24.26546827384644,12.263210640074686,11.250837766380558,9.901064578912528,17.47455434047044,0.0,10.197363616602075,10.228500251258795,0.0,0.0,42.09213040561812,0.0,0.0,0.0,11.50524905251859,0.0,0.0,21.27319629939463,0.0,0.0,10.357988675768818,46.75717916517993,0.0,0.0,0.0,90.69999999999999,5.969305287951849,4.794537184071822,0.0,5.563451491696996,11.50524905251859,0.0,12.13273413692322,24.395944776997908,0.0,20.42586386786087,5.106527394840706,0.0,0.0,10.588673856339803,22.838727588448904,0.7978883744855976,-0.48786932056773336,7.788492588393382,1.6407535795667108,0.0,0.0,0.0,16,2,6,0,0,0,0,1,1,2,0,0,4,2,6,1,3,0,0,0,0,0,2.7260528947294365,2,2.5233,56.16500000000001,0,0,0,0,1,2,1,0,1,1,1,0,0,0,0,3,1,0,0,0,0,1,0,0,0,0,0,0,0,0,0,0,1,0,1,0,0,0,0,0,0,0,0,0,0,0,0,0,0,0,0,0,0,0,0,0,0,0,0,0,0,0,0,0,0,0,0,0,0,0,0,0,0,0,0,0,0,0,0,0,0,0,0,0,0
23,O=C(C1=CC=C(/N=N/C2=NNC=C2)C=C1)OCC,11.41020163411758,11.41020163411758,0.33954627530024317,-0.33954627530024317,0.6627069746927194,10.722222222222221,244.25400000000002,232.15799999999996,244.096025624,92,0,0.3376097702657174,-0.4623913114149849,0.4623913114149849,0.3376097702657174,1.2777777777777777,2.0555555555555554,2.6666666666666665,16.532123676970837,10.187324533107848,2.045169063047768,-2.0036533802458445,2.1655354191351517,-2.031452301635492,5.8918729412711235,0.052616619781633324,2.902488025424647,2.0578644050659514,531.714870558736,12.794682450997078,9.829345763751904,9.829345763751904,8.792024997884274,5.480508204814019,5.480508204814019,3.399779271628524,3.399779271628524,2.1324049039973514,2.1324049039973514,1.2957387901310833,1.2957387901310833,-2.4999999999999996,20526.395315803104,11.970156106519743,5.716873985938345,3.0037379850480597,103.70243081315608,4.736862953800049,0.0,5.817862777835028,0.0,0.0,5.969305287951849,5.098681808301038,4.794537184071822,5.098681808301038,10.228500251258795,0.0,31.189205473537065,12.263210640074686,17.857719730893475,9.53140013787187,17.47455434047044,0.0,10.197363616602075,10.228500251258795,6.923737199690624,6.606881964512918,42.09213040561812,0.0,0.0,0.0,11.50524905251859,0.0,0.0,22.773550869066842,4.736862953800049,0.0,17.281725875459443,46.75717916517992,0.0,0.0,0.0,79.7,0.0,4.794537184071822,0.0,5.969305287951849,23.675582508728507,0.0,0.0,43.45241611361175,0.0,20.42586386786087,4.736862953800049,4.879552224254154,0.0,11.41020163411758,14.380362536822048,1.140386957252037,0.16459190787834443,8.397902597576117,1.6648869588137265,2.128781849952658,0.0,0.16666666666666666,18,1,6,0,0,0,0,1,1,2,0,0,5,1,6,1,4,0,0,0,0,0,3.801770780721319,2,3.001800000000001,65.16220000000003,0,0,0,0,0,2,1,0,0,0,1,1,0,0,0,3,1,0,0,0,0,1,0,0,0,0,0,0,0,0,0,0,1,0,1,0,0,0,0,0,1,1,0,0,0,0,0,0,0,0,0,0,0,0,0,0,0,0,0,0,0,0,0,0,0,0,0,0,0,0,0,0,0,0,0,0,0,0,0,0,0,0,0,0,0
24,CC(C(C=C1)=CC=C1N=NC2=NNC=C2)=O,11.033118300784247,11.033118300784247,0.037768539514571486,0.037768539514571486,0.6296763541352589,10.8125,214.228,204.148,214.08546094,80,0,0.19496187430817818,-0.2945121854531847,0.2945121854531847,0.19496187430817818,1.1875,1.9375,2.5,16.137407387580158,10.137440260085226,1.975795099222157,-1.9437863334827112,2.162212204348451,-1.8869150626032594,5.937464990260745,0.10130030026462383,2.7954262134167207,2.1378121683282885,499.29064952412097,11.380468888623982,8.713990692101493,8.713990692101493,7.7540201954234895,4.780602143800727,4.780602143800727,3.235495309018937,3.235495309018937,2.0277969923494172,2.0277969923494172,1.1799363929728568,1.1799363929728568,-2.3,7301.653269444474,10.225706881392012,4.479638743590404,2.3848261496555034,92.2239434692526,0.0,0.0,11.601107724199966,0.0,0.0,0.0,9.893218992372859,0.0,5.098681808301038,10.228500251258795,0.0,31.18920547353706,17.82666213177168,5.687386274683562,4.794537184071822,17.28849399888353,0.0,10.197363616602075,10.228500251258795,6.923737199690624,0.0,42.09213040561812,0.0,0.0,0.0,11.50524905251859,0.0,0.0,15.980608562967014,0.0,0.0,17.28172587545944,46.75717916517993,0.0,0.0,0.0,70.47,0.0,4.794537184071822,0.0,5.783244946364939,17.068700544215588,0.0,6.923737199690624,36.52867891392113,0.0,20.42586386786087,0.0,0.0,0.0,11.033118300784247,14.3682631154186,1.3534439300411525,0.56151339548165,8.648492588393381,1.6738114308063803,1.5280239057412577,0.0,0.09090909090909091,16,1,5,0,0,0,0,1,1,2,0,0,4,1,5,1,3,0,0,0,0,0,2.8629670454051666,2,3.0277000000000003,59.21020000000002,0,0,0,0,0,2,1,0,0,0,1,1,0,0,0,3,1,0,0,0,0,1,0,0,0,0,0,0,0,0,0,0,1,0,1,0,0,0,0,0,0,0,0,0,0,0,0,0,0,0,0,1,1,0,0,0,0,0,0,0,0,0,0,0,0,0,0,0,0,0,0,0,0,0,0,0,0,0,0,0,0,0,0,0,0
